time,q1,q2,q3,q4,q5,q6,q7,tau_measured_1,tau_measured_2,tau_measured_3,tau_measured_4,tau_measured_5,tau_measured_6,tau_measured_7,tau_g_urdf_1,tau_g_urdf_2,tau_g_urdf_3,tau_g_urdf_4,tau_g_urdf_5,tau_g_urdf_6,tau_g_urdf_7,tau_error_1,tau_error_2,tau_error_3,tau_error_4,tau_error_5,tau_error_6,tau_error_7
0.0017172799998661503,0.31824333580864606,0.3193952531149623,-0.4122118627360208,1.211799552952183,0.440468743325809,-0.1155757030670645,0.7680495906326247,-0.07561163992874463,4.123170997980445,0.3656843977705176,1.0451301301440048,0.0,0.0790735305154923,-0.07203385802653542,1.4171877989018512e-16,3.8743310237117767,0.22768090159902946,1.9619075475726324,-0.007600893571437748,0.000417460323085007,-4.556013624312373e-10,-0.07561163992874477,0.24883997426866822,0.13800349617148813,-0.9167774174286276,0.007600893571437748,0.07865607019240729,-0.07203385757093406
0.5019792960010818,0.31824333580864606,0.3193952531149623,-0.4122118627360208,1.211799552952183,0.440468743325809,-0.1155757030670645,0.7680495906326247,-0.08033736742429118,4.080615334010463,0.3446680530710625,1.0325382008651613,0.00702875826804376,0.07028758268043761,-0.05893679293080172,1.4171877989018512e-16,3.8743310237117767,0.22768090159902946,1.9619075475726324,-0.007600893571437748,0.000417460323085007,-4.556013624312373e-10,-0.08033736742429132,0.206284310298686,0.11698715147203306,-0.9293693467074711,0.014629651839481509,0.0698701223573526,-0.05893679247520036
1.0024424319999525,0.31824333580864606,0.3193952531149623,-0.4122118627360208,1.211799552952183,0.440468743325809,-0.1155757030670645,0.7680495906326247,-0.047257274955465396,4.099528962441566,0.35307459095084454,1.0283408911055467,0.00175718956701094,0.07731634094848136,-0.06548532547866857,1.4171877989018512e-16,3.8743310237117767,0.22768090159902946,1.9619075475726324,-0.007600893571437748,0.000417460323085007,-4.556013624312373e-10,-0.047257274955465535,0.2251979387297891,0.12539368935181508,-0.9335666564670857,0.009358083138448688,0.07689888062539635,-0.06548532502306721
1.5031280639996112,0.31824333580864606,0.3193952531149623,-0.4122118627360208,1.211799552952183,0.440468743325809,-0.1155757030670645,0.7680495906326247,-0.05670872994655848,4.090072148226015,0.3909040114098636,1.0577220594228482,0.0,0.08961666791755796,-0.11951071899857015,1.4171877989018512e-16,3.8743310237117767,0.22768090159902946,1.9619075475726324,-0.007600893571437748,0.000417460323085007,-4.556013624312373e-10,-0.056708729946558616,0.215741124514238,0.16322310981083413,-0.9041854881497842,0.007600893571437748,0.08919920759447295,-0.11951071854296878
0.001087648000975605,0.7670372996664679,-0.358577894822235,-0.33445744455967336,1.5298334492505898,0.04091051766674708,-0.3358362546687489,0.1912357261410187,-0.033080092468825775,-0.7896439869985485,-0.004203268939891007,2.4428342800956253,0.00175718956701094,-0.05623006614435008,0.0,-3.252710179028993e-16,-0.5383380447036439,-0.22042306657465977,1.8237529450866754,-0.009302045896714333,0.0013329083844722902,-1.5537290184971937e-09,-0.03308009246882545,-0.25130594229490466,0.21621979763476876,0.6190813350089499,0.011059235463725274,-0.05756297452882237,1.5537290184971937e-09
0.5015526399984083,0.7670372996664679,-0.358577894822235,-0.33445744455967336,1.5298334492505898,0.04091051766674708,-0.33594097442386855,0.1912357261410187,-0.023628637477732698,-0.780187172782997,-0.01260980681967302,2.4722154484129266,0.0,-0.07380196181445949,0.011459931958767,-3.017770201736959e-16,-0.5383377261324447,-0.22042305562381406,1.8237532364139386,-0.009302177510775453,0.0013329039588219358,-1.5537318979851565e-09,-0.023628637477732396,-0.2418494466505523,0.20781324880414104,0.648462211998988,0.009302177510775453,-0.07513486577328142,0.011459933512498898
1.0021027840011811,0.7670372996664679,-0.358577894822235,-0.33445744455967336,1.5298334492505898,0.04091051766674708,-0.33594097442386855,0.1912357261410187,0.0,-0.7991008012140999,0.004203268939891007,2.4470315898552397,0.0,-0.06150163484538291,-0.0032742662739334285,-3.017770201736959e-16,-0.5383377261324447,-0.22042305562381406,1.8237532364139386,-0.009302177510775453,0.0013329039588219358,-1.5537318979851565e-09,3.017770201736959e-16,-0.2607630750816552,0.22462632456370507,0.6232783534413011,0.009302177510775453,-0.06283453880420485,-0.0032742647202015306
1.5026672319982026,0.7670372996664679,-0.358577894822235,-0.33445744455967336,1.52978108937303,0.04091051766674708,-0.33594097442386855,0.1912357261410187,0.02835436497327924,-0.780187172782997,0.01260980681967302,2.3379015361052637,-0.00351437913402188,-0.07204477224744855,-0.004911399410900143,-3.632109020410747e-16,-0.538378550648247,-0.22042248044456375,1.8237141702620605,-0.009301951820874756,0.0013330496172503543,-1.553764908141702e-09,0.028354364973279603,-0.24180862213474996,0.23303228726423678,0.5141873658432032,0.005787572686852876,-0.0733778218646989,-0.004911397857135235
0.0010750079964054748,1.1578339724805182,0.6342701034672593,0.8043000791965469,-0.9490925939419964,-1.03419484826924,0.565102705210724,-0.7582233869438966,-0.05198300245101192,4.50617197371028,0.7481818713005991,-0.26443051485571206,-0.00527156870103282,0.00527156870103282,0.0032742662739334285,2.0554936670823123e-16,3.6048034907528956,0.675371900755247,-0.8204844977642717,0.005073412647774462,0.001498320386160276,-1.7234396280882017e-10,-0.05198300245101213,0.901368482957384,0.0728099705453521,0.5560539829085596,-0.010344981348807281,0.003773248314872544,0.0032742664462773914
0.5014696319994982,1.1578339724805182,0.6342701034672593,0.8043000791965469,-0.9490925939419964,-1.03419484826924,0.565102705210724,-0.7582233869438966,-0.018902909982186158,4.50617197371028,0.7607916781202722,-0.2980089929326279,0.00175718956701094,0.01054313740206564,-0.06057392606776842,2.0554936670823123e-16,3.6048034907528956,0.675371900755247,-0.8204844977642717,0.005073412647774462,0.001498320386160276,-1.7234396280882017e-10,-0.018902909982186362,0.901368482957384,0.08541977736502515,0.5224755048316438,-0.003316223080763522,0.009044817015905364,-0.06057392589542446
1.0020381759968586,1.1578339724805182,0.6342701034672593,0.8043000791965469,-0.9490925939419964,-1.03419484826924,0.565102705210724,-0.7582233869438966,-0.018902909982186158,4.510900380818056,0.7649949470601631,-0.31479823197108575,0.01581470610309846,0.0,0.07858239057440229,2.0554936670823123e-16,3.6048034907528956,0.675371900755247,-0.8204844977642717,0.005073412647774462,0.001498320386160276,-1.7234396280882017e-10,-0.018902909982186362,0.90609689006516,0.08962304630491613,0.505686265793186,0.010741293455324,-0.001498320386160276,0.07858239074674625
1.5026064639969263,1.1578339724805182,0.6342701034672593,0.8043000791965469,-0.9490925939419964,-1.03419484826924,0.565102705210724,-0.7582233869438966,0.01417718248663962,4.515628787925832,0.7691982160000541,-0.2938116831730134,-0.1054313740206564,0.01581470610309846,0.05402539351990158,2.0554936670823123e-16,3.6048034907528956,0.675371900755247,-0.8204844977642717,0.005073412647774462,0.001498320386160276,-1.7234396280882017e-10,0.014177182486639415,0.910825297172936,0.09382631524480711,0.5266728145912583,-0.11050478666843086,0.014316385716938185,0.054025393692245544
0.0012199999982840382,1.1577990658954784,0.2556907354171693,0.8043873456591466,-0.22043508452688385,-1.2716119864180286,-0.09152506597458264,-0.504504873581481,0.0047257274955465394,2.1325116056068585,0.0,0.0,-0.00175718956701094,-0.017571895670109403,0.024556997054500714,2.973372985450145e-16,1.823992726713033,0.07335653279697504,-0.07384155636108242,-0.000816993155069623,0.003278412986888824,-4.6426719199180277e-10,0.004725727495546242,0.30851887889382557,-0.07335653279697504,0.07384155636108242,-0.0009401964119413171,-0.020850308656998228,0.024556997518767904
0.5016615679996903,1.1577990658954784,0.2556907354171693,0.8043873456591466,-0.22043508452688385,-1.2716119864180286,-0.09152506597458264,-0.504504873581481,-0.01417718248663962,2.1466968269301856,0.0,-0.008394619519228954,-0.008785947835054701,-0.008785947835054701,0.006548532547866857,2.973372985450145e-16,1.823992726713033,0.07335653279697504,-0.07384155636108242,-0.000816993155069623,0.003278412986888824,-4.6426719199180277e-10,-0.014177182486639916,0.3227041002171527,-0.07335653279697504,0.06544693684185346,-0.007968954679985079,-0.012064360821943525,0.0065485330121340495
1.0022690879995935,1.1577990658954784,0.2556907354171693,0.8043873456591466,-0.22043508452688385,-1.2716119864180286,-0.09152506597458264,-0.504504873581481,-0.018902909982186158,2.123054791391307,0.004203268939891007,0.012591929278843431,-0.045686928742284444,0.040415360041251625,-0.0032742662739334285,2.973372985450145e-16,1.823992726713033,0.07335653279697504,-0.07384155636108242,-0.000816993155069623,0.003278412986888824,-4.6426719199180277e-10,-0.018902909982186456,0.299062064678274,-0.06915326385708404,0.08643348563992585,-0.04486993558721482,0.0371369470543628,-0.0032742658096662366
1.5028128319972893,1.1577990658954784,0.2556907354171693,0.8043873456591466,-0.22043508452688385,-1.2716119864180286,-0.09152506597458264,-0.504504873581481,0.042531547459918856,2.1135979771757554,0.016813075759564027,0.0,0.00527156870103282,0.0,0.027831263328434146,2.973372985450145e-16,1.823992726713033,0.07335653279697504,-0.07384155636108242,-0.000816993155069623,0.003278412986888824,-4.6426719199180277e-10,0.04253154745991856,0.28960525046272245,-0.05654345703741102,0.07384155636108242,0.006088561856102443,-0.003278412986888824,0.027831263792701337
0.0011540800005604979,1.5233931843107307,-0.45928339266230783,1.8778171955132192,2.0067621206505604,-0.41243875553878,-0.6321058951947863,1.1205711929504394,0.0,-4.042788077148257,0.004203268939891007,1.5026368939419827,0.00527156870103282,0.00527156870103282,-0.0900423225331693,-9.959017123895184e-17,-3.0045173571690076,0.7573030137929725,1.5038805832825344,-0.015001827596190752,-0.0027709739309832717,1.4986999600199338e-09,9.959017123895184e-17,-1.0382707199792498,-0.7530997448530815,-0.0012436893405516347,0.02027339629722357,0.008042542632016092,-0.09004232403186925
0.5015365440012829,1.5233931843107307,-0.45928339266230783,1.8778171955132192,2.0067621206505604,-0.41243875553878,-0.6321058951947863,1.1205711929504394,0.037805819964372316,-4.038059670040481,0.004203268939891007,1.5068342037015972,0.0,-0.00175718956701094,-0.08840518939620258,-9.959017123895184e-17,-3.0045173571690076,0.7573030137929725,1.5038805832825344,-0.015001827596190752,-0.0027709739309832717,1.4986999600199338e-09,0.03780581996437241,-1.0335423128714738,-0.7530997448530815,0.0029536204190627746,0.015001827596190752,0.0010137843639723317,-0.08840519089490254
1.002173151999159,1.5233931843107307,-0.45928339266230783,1.8778171955132192,2.0067621206505604,-0.41243875553878,-0.6321058951947863,1.1205711929504394,0.009451454991093079,-4.033331262932705,-0.008406537879782013,1.523623442740055,-0.00527156870103282,-0.024600653938153163,-0.11787358586160344,-9.959017123895184e-17,-3.0045173571690076,0.7573030137929725,1.5038805832825344,-0.015001827596190752,-0.0027709739309832717,1.4986999600199338e-09,0.009451454991093178,-1.0288139057636978,-0.7657095516727545,0.019742859457520634,0.009730258895157932,-0.02182968000716989,-0.1178735873603034
1.502825824001775,1.5233931843107307,-0.45928339266230783,1.8778171955132192,2.0067621206505604,-0.41243875553878,-0.6321058951947863,1.1205711929504394,0.0,-4.033331262932705,0.004203268939891007,1.5026368939419827,0.0,0.00702875826804376,-0.091679455670136,-9.959017123895184e-17,-3.0045173571690076,0.7573030137929725,1.5038805832825344,-0.015001827596190752,-0.0027709739309832717,1.4986999600199338e-09,9.959017123895184e-17,-1.0288139057636978,-0.7530997448530815,-0.0012436893405516347,0.015001827596190752,0.009799732199027033,-0.09167945716883595
0.0012435839998943266,1.7275443469165075,0.3849847264049092,0.6975731954370937,1.997284982812231,0.4211304952137118,0.4165402792809667,0.006946410422937432,-0.01417718248663962,3.5935894019095618,-0.6851328372022341,1.3515337425958616,-0.07028758268043761,0.0,0.0,2.515224094375838e-17,3.406195786345302,-0.44171271588982136,1.4470621631032408,-0.0005289900372530566,-0.0025929398519484222,2.2533932333409903e-11,-0.014177182486639643,0.1873936155642597,-0.2434201213124127,-0.0955284205073792,-0.06975859264318456,0.0025929398519484222,-2.2533932333409903e-11
0.5016168319998542,1.7275443469165075,0.3849847264049092,0.6975731954370937,1.997284982812231,0.4211304952137118,0.4165402792809667,0.006946410422937432,0.05198300245101192,3.6030462161251133,-0.6977426440219071,1.3599283621150906,-0.06150163484538291,0.00527156870103282,0.004911399410900143,2.515224094375838e-17,3.406195786345302,-0.44171271588982136,1.4470621631032408,-0.0005289900372530566,-0.0025929398519484222,2.2533932333409903e-11,0.051983002451011895,0.19685042977981126,-0.25602992813208575,-0.08713380098815016,-0.060972644808129854,0.007864508552981243,0.004911399388366211
1.002153247998649,1.7275443469165075,0.3849847264049092,0.6975731954370937,1.997284982812231,0.4211304952137118,0.4165402792809667,0.006946410422937432,-0.01417718248663962,3.6408734729873196,-0.689336106142125,1.364125671874705,-0.05623006614435008,-0.117731700989733,-0.009822798821800286,2.515224094375838e-17,3.406195786345302,-0.44171271588982136,1.4470621631032408,-0.0005289900372530566,-0.0025929398519484222,2.2533932333409903e-11,-0.014177182486639643,0.2346776866420175,-0.24762339025230368,-0.08293649122853575,-0.05570107610709703,-0.11513876113778458,-0.00982279884433422
1.5027223360011703,1.7275443469165075,0.3849847264049092,0.6975731954370937,1.997284982812231,0.4211304952137118,0.4165402792809667,0.006946410422937432,0.009451454991093079,3.6077746232328893,-0.6809295682623431,1.3767176011535485,-0.07028758268043761,-0.00175718956701094,0.08840518939620258,2.515224094375838e-17,3.406195786345302,-0.44171271588982136,1.4470621631032408,-0.0005289900372530566,-0.0025929398519484222,2.2533932333409903e-11,0.009451454991093055,0.20157883688758726,-0.23921685237252172,-0.0703445619496923,-0.06975859264318456,0.0008357502849374822,0.08840518937366865
